{
"total_trades": 9098,
"win_rate": 39.503188,
"net_pnl": -4983.771004,
"gross_pnl": -106.286898,
"total_fee": 4877.484106,
"total_slippage": 0.000000,
"profit_factor": 0.589437,
"expectancy": -0.547788,
"avg_win": 1.990849,
"avg_loss": -2.205465,
"max_drawdown": 99.675986,
"max_consecutive_losses": 17,
"avg_trade_duration": 3859375.686964
}