{
"total_trades": 26,
"win_rate": 26.923077,
"net_pnl": -54.408717,
"gross_pnl": -27.023101,
"total_fee": 27.385617,
"total_slippage": 0.000000,
"profit_factor": 0.665257,
"expectancy": -2.092643,
"avg_win": 15.447135,
"avg_loss": -8.554667,
"max_drawdown": 1.951478,
"max_consecutive_losses": 10,
"avg_trade_duration": 1096153.846154
}