key,trades,wins,losses,win_rate,net_pnl,gross_pnl,total_fee,total_slippage,avg_net_pnl,avg_expected_edge_bps,avg_actual_edge_bps,avg_bars_held
passed:expected_edge_ok,49,13,36,26.530612,-521.197818,-111.814398,186.218010,223.165410,-10.636690,33.193613,-24.103025,5.122449
passed:extension_ok,49,13,36,26.530612,-521.197818,-111.814398,186.218010,223.165410,-10.636690,33.193613,-24.103025,5.122449
passed:rejection_ok,49,13,36,26.530612,-521.197818,-111.814398,186.218010,223.165410,-10.636690,33.193613,-24.103025,5.122449
passed:reversal_confirmation_ok,49,13,36,26.530612,-521.197818,-111.814398,186.218010,223.165410,-10.636690,33.193613,-24.103025,5.122449
passed:trend_block_ok,49,13,36,26.530612,-521.197818,-111.814398,186.218010,223.165410,-10.636690,33.193613,-24.103025,5.122449
