key,trades,wins,losses,win_rate,net_pnl,gross_pnl,total_fee,total_slippage,avg_net_pnl,avg_expected_edge_bps,avg_actual_edge_bps,avg_bars_held
bearish,34,12,22,35.294118,-217.864798,37.455066,119.339060,135.980805,-6.407788,27.375174,-12.222226,6.617647
bullish,78,23,55,29.487179,-703.299351,-109.945459,270.682626,322.671266,-9.016658,26.654809,-20.754458,6.423077
neutral,103,21,82,20.388350,-984.815449,-273.302878,315.057285,396.455285,-9.561315,35.418036,-24.574033,6.233010
