key,trades,wins,losses,win_rate,net_pnl,gross_pnl,total_fee,total_slippage,avg_net_pnl,avg_expected_edge_bps,avg_actual_edge_bps,avg_bars_held
stop_loss,153,0,153,0.000000,-2287.583790,-1047.908729,521.920693,717.754368,-14.951528,30.388173,-38.595283,4.405229
take_profit,54,54,0,100.000000,403.728846,690.932059,164.125594,123.077618,7.476460,29.056174,26.045334,8.407407
time_exit,8,2,6,25.000000,-22.124654,11.183399,19.032684,14.275369,-2.765582,54.933104,-8.362320,30.000000
