bucket,trades,wins,losses,win_rate,avg_expected_edge_bps,avg_actual_edge_bps,avg_edge_realization_bps,avg_total_cost_bps,avg_net_pnl_bps,net_pnl
edge_lt_0,0,0,0,0.000000,0.000000,0.000000,0.000000,0.000000,0.000000,0.000000
edge_0_5,0,0,0,0.000000,0.000000,0.000000,0.000000,0.000000,0.000000,0.000000
edge_5_10,34,12,22,35.294118,7.812854,-17.932793,-25.745648,17.088749,-17.932793,-371.313642
edge_10_15,42,9,33,21.428571,12.731863,-24.247484,-36.979347,17.928046,-24.247484,-515.074130
edge_15_20,32,7,25,21.875000,17.501365,-22.961868,-40.463233,17.904014,-22.961868,-362.500679
edge_20_30,35,9,26,25.714286,24.674149,-21.128401,-45.802550,17.713947,-21.128401,-281.548126
edge_30_50,30,7,23,23.333333,38.956843,-23.874847,-62.831690,17.498089,-23.874847,-218.126636
edge_gte_50,42,12,30,28.571429,77.742125,-17.783339,-95.525465,17.214049,-17.783339,-157.416385
