month,trades,wins,losses,win_rate,gross_pnl,fee,slippage,total_cost,net_pnl,profit_factor,avg_win,avg_loss,expectancy,max_consecutive_losses,avg_reward_risk,avg_expected_edge_bps,avg_actual_edge_bps,avg_edge_realization_bps,avg_total_cost_bps,take_profit_count,stop_loss_count,time_exit_count,end_of_backtest_count
2020-01,2,0,2,0.000000,-17.930711,11.860948,16.302527,28.163476,-46.094187,0.000000,0.000000,-23.047093,-23.047093,2,2.655875,13.839558,-31.131037,-44.970595,19.007274,0,2,0,0
2020-02,4,1,3,25.000000,-12.321810,18.711678,23.765177,42.476855,-54.798664,0.528257,8.269640,-21.022768,-13.699666,3,2.321100,17.270743,-19.331751,-36.602493,17.738577,1,3,0,0
2022-05,7,2,5,28.571429,-3.892754,15.372203,18.204498,33.576701,-37.469456,0.901111,13.626453,-12.944472,-5.352779,4,2.813929,68.489421,-23.518998,-92.008419,17.570878,2,5,0,0
2023-03,18,4,14,22.222222,-78.965893,58.286701,73.368302,131.655003,-210.620896,0.295122,3.511475,-16.047628,-11.701161,8,2.354272,41.395577,-30.490588,-71.886165,17.884655,3,14,1,0
2023-04,10,3,7,30.000000,-12.283434,42.394450,47.177388,89.571838,-101.855273,0.745540,4.235680,-16.366045,-10.185527,4,2.261264,16.965865,-20.139913,-37.105779,17.000491,3,6,1,0
2023-05,3,2,1,66.666667,33.186333,15.554005,14.383201,29.937206,3.249127,5.188377,10.753162,-18.257198,1.083042,1,2.910626,18.408632,-0.040410,-18.449042,15.666478,2,1,0,0
2023-06,1,1,0,100.000000,12.338812,4.956658,3.716260,8.672918,3.665893,inf,3.665893,0.000000,3.665893,0,1.988611,8.938964,5.922615,-3.016349,14.011962,1,0,0,0
2023-08,2,0,2,0.000000,-15.841898,8.798942,12.104089,20.903030,-36.744928,0.000000,0.000000,-18.372464,-18.372464,2,2.498233,17.393928,-33.685432,-51.079359,18.991183,0,2,0,0
2023-10,2,0,2,0.000000,-16.103042,10.282424,14.143968,24.426392,-40.529434,0.000000,0.000000,-20.264717,-20.264717,2,2.837443,18.283632,-32.513476,-50.797108,18.991887,0,2,0,0
