{
"total_trades": 30902,
"win_rate": 40.078312,
"net_pnl": -5000.000000,
"gross_pnl": 94.285984,
"total_fee": 5094.285984,
"total_slippage": 0.000000,
"profit_factor": 0.414559,
"expectancy": -0.161802,
"avg_win": 0.285876,
"avg_loss": -0.461229,
"max_drawdown": 100.000000,
"max_consecutive_losses": 18,
"avg_trade_duration": 1159866.675296
}