{
"total_trades": 4962,
"win_rate": 37.565498,
"net_pnl": -4547.698105,
"gross_pnl": 704.461889,
"total_fee": 5252.159994,
"total_slippage": 0.000000,
"profit_factor": 0.624313,
"expectancy": -0.916505,
"avg_win": 4.054351,
"avg_loss": -3.907362,
"max_drawdown": 90.953962,
"max_consecutive_losses": 21,
"avg_trade_duration": 871136.638452
}