{
"total_trades": 529,
"win_rate": 20.604915,
"net_pnl": -4401.959607,
"gross_pnl": -892.601224,
"total_fee": 1561.880947,
"total_slippage": 1947.477436,
"profit_factor": 0.194208,
"expectancy": -8.321285,
"avg_win": 9.733357,
"avg_loss": -13.006894,
"max_drawdown": 88.086833,
"max_consecutive_losses": 22,
"avg_trade_duration": 366465.028355
}