{
"total_trades": 130,
"win_rate": 40.000000,
"net_pnl": -49.639357,
"gross_pnl": 119.826883,
"total_fee": 169.466240,
"total_slippage": 0.000000,
"profit_factor": 0.925925,
"expectancy": -0.381841,
"avg_win": 11.932412,
"avg_loss": -8.591343,
"max_drawdown": 3.009185,
"max_consecutive_losses": 11,
"avg_trade_duration": 2810769.230769
}