{
"total_trades": 1940,
"win_rate": 38.814433,
"net_pnl": -2319.495961,
"gross_pnl": -200.370381,
"total_fee": 2119.125580,
"total_slippage": 0.000000,
"profit_factor": 0.696559,
"expectancy": -1.195616,
"avg_win": 7.071033,
"avg_loss": -6.439750,
"max_drawdown": 46.973657,
"max_consecutive_losses": 12,
"avg_trade_duration": 7518247.422680
}