bucket,trades,wins,losses,win_rate,avg_expected_edge_bps,avg_actual_edge_bps,avg_edge_realization_bps,avg_total_cost_bps,avg_net_pnl_bps,net_pnl
edge_lt_0,0,0,0,0.000000,0.000000,0.000000,0.000000,0.000000,0.000000,0.000000
edge_0_5,0,0,0,0.000000,0.000000,0.000000,0.000000,0.000000,0.000000,0.000000
edge_5_10,0,0,0,0.000000,0.000000,0.000000,0.000000,0.000000,0.000000,0.000000
edge_10_15,0,0,0,0.000000,0.000000,0.000000,0.000000,0.000000,0.000000,0.000000
edge_15_20,0,0,0,0.000000,0.000000,0.000000,0.000000,0.000000,0.000000,0.000000
edge_20_30,35,16,19,45.714286,27.689017,-3.621497,-31.310515,9.998448,-3.621497,-28.295020
edge_30_50,226,81,145,35.840708,40.378012,-10.899486,-51.277498,9.999257,-10.899486,-470.462461
edge_gte_50,1679,656,1023,39.070876,127.833060,-11.455450,-139.288510,9.999092,-11.455450,-1820.738480
