{
"total_trades": 28,
"win_rate": 35.714286,
"net_pnl": -41.180753,
"gross_pnl": 13.015941,
"total_fee": 54.196694,
"total_slippage": 0.000000,
"profit_factor": 0.756682,
"expectancy": -1.470741,
"avg_win": 12.806554,
"avg_loss": -9.402572,
"max_drawdown": 1.354602,
"max_consecutive_losses": 5,
"avg_trade_duration": 4757142.857143
}