{
"total_trades": 1000,
"win_rate": 28.800000,
"net_pnl": -1463.614892,
"gross_pnl": 620.585505,
"total_fee": 2084.200396,
"total_slippage": 0.000000,
"profit_factor": 0.761089,
"expectancy": -1.463615,
"avg_win": 16.189486,
"avg_loss": -8.604195,
"max_drawdown": 29.697342,
"max_consecutive_losses": 14,
"avg_trade_duration": 5317200.000000
}