bucket,trades,wins,losses,win_rate,avg_expected_edge_bps,avg_actual_edge_bps,avg_edge_realization_bps,avg_total_cost_bps,avg_net_pnl_bps,net_pnl
edge_lt_0,0,0,0,0.000000,0.000000,0.000000,0.000000,0.000000,0.000000,0.000000
edge_0_5,0,0,0,0.000000,0.000000,0.000000,0.000000,0.000000,0.000000,0.000000
edge_5_10,0,0,0,0.000000,0.000000,0.000000,0.000000,0.000000,0.000000,0.000000
edge_10_15,0,0,0,0.000000,0.000000,0.000000,0.000000,0.000000,0.000000,0.000000
edge_15_20,7,1,6,14.285714,17.868792,-13.623926,-31.492718,9.999280,-13.623926,-64.692627
edge_20_30,23,5,18,21.739130,27.278391,-11.882350,-39.160740,9.999868,-11.882350,-147.456432
edge_30_50,93,22,71,23.655914,41.410586,-12.302345,-53.712931,10.001097,-12.302345,-422.405121
edge_gte_50,877,260,617,29.646522,124.104064,-4.846945,-128.951009,9.999057,-4.846945,-829.060712
