{
"total_trades": 21,
"win_rate": 33.333333,
"net_pnl": -33.079569,
"gross_pnl": -8.286529,
"total_fee": 24.793040,
"total_slippage": 0.000000,
"profit_factor": 0.720169,
"expectancy": -1.575218,
"avg_win": 12.161866,
"avg_loss": -8.443759,
"max_drawdown": 1.692687,
"max_consecutive_losses": 6,
"avg_trade_duration": 411428.571429
}