{
"total_trades": 8,
"win_rate": 75.000000,
"net_pnl": 110.833013,
"gross_pnl": 204.233135,
"total_fee": 49.377720,
"total_slippage": 44.022402,
"profit_factor": 3.030833,
"expectancy": 13.854127,
"avg_win": 27.568027,
"avg_loss": -27.287574,
"max_drawdown": 0.560834,
"max_consecutive_losses": 1,
"avg_trade_duration": 262500.000000
}