{
"total_trades": 3,
"win_rate": 0.000000,
"net_pnl": -26.768784,
"gross_pnl": -22.459567,
"total_fee": 4.309217,
"total_slippage": 0.000000,
"profit_factor": -0.000000,
"expectancy": -8.922928,
"avg_win": 0.000000,
"avg_loss": -8.922928,
"max_drawdown": 0.535376,
"max_consecutive_losses": 3,
"avg_trade_duration": 2700000.000000
}