{
"total_trades": 11,
"win_rate": 27.272727,
"net_pnl": -34.404387,
"gross_pnl": -19.164019,
"total_fee": 15.240368,
"total_slippage": 0.000000,
"profit_factor": 0.508899,
"expectancy": -3.127672,
"avg_win": 11.883751,
"avg_loss": -8.756955,
"max_drawdown": 0.688088,
"max_consecutive_losses": 4,
"avg_trade_duration": 6627272.727273
}