bucket,trades,wins,losses,win_rate,avg_expected_edge_bps,avg_actual_edge_bps,avg_edge_realization_bps,avg_total_cost_bps,avg_net_pnl_bps,net_pnl
edge_lt_0,0,0,0,0.000000,0.000000,0.000000,0.000000,0.000000,0.000000,0.000000
edge_0_5,0,0,0,0.000000,0.000000,0.000000,0.000000,0.000000,0.000000,0.000000
edge_5_10,0,0,0,0.000000,0.000000,0.000000,0.000000,0.000000,0.000000,0.000000
edge_10_15,0,0,0,0.000000,0.000000,0.000000,0.000000,0.000000,0.000000,0.000000
edge_15_20,0,0,0,0.000000,0.000000,0.000000,0.000000,0.000000,0.000000,0.000000
edge_20_30,0,0,0,0.000000,0.000000,0.000000,0.000000,0.000000,0.000000,0.000000
edge_30_50,0,0,0,0.000000,0.000000,0.000000,0.000000,0.000000,0.000000,0.000000
edge_gte_50,11,3,8,27.272727,173.273028,-31.757329,-205.030356,10.028193,-31.757329,-34.404387
