bucket,trades,wins,losses,win_rate,avg_expected_edge_bps,avg_actual_edge_bps,avg_edge_realization_bps,avg_total_cost_bps,avg_net_pnl_bps,net_pnl
edge_lt_0,0,0,0,0.000000,0.000000,0.000000,0.000000,0.000000,0.000000,0.000000
edge_0_5,0,0,0,0.000000,0.000000,0.000000,0.000000,0.000000,0.000000,0.000000
edge_5_10,0,0,0,0.000000,0.000000,0.000000,0.000000,0.000000,0.000000,0.000000
edge_10_15,0,0,0,0.000000,0.000000,0.000000,0.000000,0.000000,0.000000,0.000000
edge_15_20,0,0,0,0.000000,0.000000,0.000000,0.000000,0.000000,0.000000,0.000000
edge_20_30,2,2,0,100.000000,28.531239,25.563268,-2.967972,13.976278,25.563268,49.081589
edge_30_50,5,2,3,40.000000,44.841246,-5.389095,-50.230342,16.993038,-5.389095,-24.023020
edge_gte_50,0,0,0,0.000000,0.000000,0.000000,0.000000,0.000000,0.000000,0.000000
