{
"total_trades": 50,
"win_rate": 30.000000,
"net_pnl": -301.873376,
"gross_pnl": -91.385253,
"total_fee": 97.097186,
"total_slippage": 113.390937,
"profit_factor": 0.291564,
"expectancy": -6.037468,
"avg_win": 8.282605,
"avg_loss": -12.174641,
"max_drawdown": 6.205854,
"max_consecutive_losses": 5,
"avg_trade_duration": 1548000.000000
}