{
"total_trades": 104,
"win_rate": 22.115385,
"net_pnl": -535.536680,
"gross_pnl": -210.204462,
"total_fee": 325.332217,
"total_slippage": 0.000000,
"profit_factor": 0.350698,
"expectancy": -5.149391,
"avg_win": 12.576177,
"avg_loss": -10.182577,
"max_drawdown": 10.710734,
"max_consecutive_losses": 14,
"avg_trade_duration": 1595192.307692
}