{
"total_trades": 9,
"win_rate": 11.111111,
"net_pnl": -52.968439,
"gross_pnl": -43.353772,
"total_fee": 9.614667,
"total_slippage": 0.000000,
"profit_factor": 0.220990,
"expectancy": -5.885382,
"avg_win": 15.026075,
"avg_loss": -8.499314,
"max_drawdown": 1.059369,
"max_consecutive_losses": 6,
"avg_trade_duration": 206666.666667
}