key,trades,wins,losses,win_rate,net_pnl,gross_pnl,total_fee,total_slippage,avg_net_pnl,avg_expected_edge_bps,avg_actual_edge_bps,avg_bars_held
stop_loss,7910,0,7910,0.000000,-5966.040347,-2951.135250,1269.325171,1745.579925,-0.754240,19.046728,-41.032239,4.157522
take_profit,4247,4247,0,100.000000,966.119934,2112.431377,655.047281,491.264162,0.227483,19.858401,16.864900,5.729221
time_exit,12,4,8,33.333333,-0.079588,0.213278,0.167342,0.125524,-0.006632,53.355057,-8.578736,60.000000
