{
"total_trades": 4242,
"win_rate": 36.091466,
"net_pnl": -4999.987978,
"gross_pnl": -741.396334,
"total_fee": 1975.985230,
"total_slippage": 2282.606414,
"profit_factor": 0.194084,
"expectancy": -1.178686,
"avg_win": 0.786489,
"avg_loss": -2.288492,
"max_drawdown": 99.999762,
"max_consecutive_losses": 23,
"avg_trade_duration": 236322.489392
}