bucket,trades,wins,losses,win_rate,avg_expected_edge_bps,avg_actual_edge_bps,avg_edge_realization_bps,avg_total_cost_bps,avg_net_pnl_bps,net_pnl
edge_lt_0,0,0,0,0.000000,0.000000,0.000000,0.000000,0.000000,0.000000,0.000000
edge_0_5,0,0,0,0.000000,0.000000,0.000000,0.000000,0.000000,0.000000,0.000000
edge_5_10,1463,519,944,35.475051,7.824511,-20.228776,-28.053287,17.225320,-20.228776,-2124.899542
edge_10_15,1148,411,737,35.801394,12.261173,-20.335523,-32.596696,17.208839,-20.335523,-1355.641520
edge_15_20,594,199,395,33.501684,17.208149,-21.810034,-39.018183,17.322252,-21.810034,-503.899837
edge_20_30,572,228,344,39.860140,24.003729,-18.113475,-42.117204,17.005598,-18.113475,-657.831615
edge_30_50,309,118,191,38.187702,37.506707,-19.440777,-56.947484,17.087818,-19.440777,-253.645494
edge_gte_50,156,56,100,35.897436,79.265985,-22.866091,-102.132076,17.171273,-22.866091,-104.069969
