bucket,trades,wins,losses,win_rate,avg_expected_edge_bps,avg_actual_edge_bps,avg_edge_realization_bps,avg_total_cost_bps,avg_net_pnl_bps,net_pnl
edge_lt_0,0,0,0,0.000000,0.000000,0.000000,0.000000,0.000000,0.000000,0.000000
edge_0_5,0,0,0,0.000000,0.000000,0.000000,0.000000,0.000000,0.000000,0.000000
edge_5_10,0,0,0,0.000000,0.000000,0.000000,0.000000,0.000000,0.000000,0.000000
edge_10_15,0,0,0,0.000000,0.000000,0.000000,0.000000,0.000000,0.000000,0.000000
edge_15_20,0,0,0,0.000000,0.000000,0.000000,0.000000,0.000000,0.000000,0.000000
edge_20_30,5,1,4,20.000000,24.598778,-20.533816,-45.132594,9.994730,-20.533816,-38.853494
edge_30_50,11,2,9,18.181818,40.359175,-19.080980,-59.440156,9.994871,-19.080980,-67.163144
edge_gte_50,47,16,31,34.042553,129.999415,-11.007024,-141.006440,10.018506,-11.007024,-42.135680
