{
"total_trades": 305,
"win_rate": 28.524590,
"net_pnl": -1241.660480,
"gross_pnl": -24.941742,
"total_fee": 1216.718737,
"total_slippage": 0.000000,
"profit_factor": 0.463106,
"expectancy": -4.071018,
"avg_win": 12.310493,
"avg_loss": -10.608594,
"max_drawdown": 25.071286,
"max_consecutive_losses": 11,
"avg_trade_duration": 282098.360656
}