bucket,trades,wins,losses,win_rate,avg_expected_edge_bps,avg_actual_edge_bps,avg_edge_realization_bps,avg_total_cost_bps,avg_net_pnl_bps,net_pnl
edge_lt_0,0,0,0,0.000000,0.000000,0.000000,0.000000,0.000000,0.000000,0.000000
edge_0_5,0,0,0,0.000000,0.000000,0.000000,0.000000,0.000000,0.000000,0.000000
edge_5_10,0,0,0,0.000000,0.000000,0.000000,0.000000,0.000000,0.000000,0.000000
edge_10_15,0,0,0,0.000000,0.000000,0.000000,0.000000,0.000000,0.000000,0.000000
edge_15_20,78,20,58,25.641026,17.469478,-11.169841,-28.639319,10.000585,-11.169841,-507.825751
edge_20_30,75,15,60,20.000000,24.832347,-14.088031,-38.920378,10.002043,-14.088031,-495.694224
edge_30_50,70,25,45,35.714286,36.501400,-5.552528,-42.053928,9.997777,-5.552528,-146.699145
edge_gte_50,82,27,55,32.926829,72.401084,-6.313271,-78.714355,9.998158,-6.313271,-91.441360
