{
"total_trades": 209,
"win_rate": 29.665072,
"net_pnl": -2650.980534,
"gross_pnl": -466.378455,
"total_fee": 996.688943,
"total_slippage": 1187.913136,
"profit_factor": 0.157257,
"expectancy": -12.684117,
"avg_win": 7.978667,
"avg_loss": -21.399033,
"max_drawdown": 53.115394,
"max_consecutive_losses": 21,
"avg_trade_duration": 288229.665072
}