{
"total_trades": 31,
"win_rate": 38.709677,
"net_pnl": -297.701137,
"gross_pnl": 53.958790,
"total_fee": 162.508606,
"total_slippage": 189.151322,
"profit_factor": 0.419372,
"expectancy": -9.603262,
"avg_win": 17.918427,
"avg_loss": -26.985382,
"max_drawdown": 6.004815,
"max_consecutive_losses": 6,
"avg_trade_duration": 578709.677419
}