{
"total_trades": 4951,
"win_rate": 28.115532,
"net_pnl": -4955.085789,
"gross_pnl": 1502.071833,
"total_fee": 6457.157623,
"total_slippage": 0.000000,
"profit_factor": 0.543923,
"expectancy": -1.000825,
"avg_win": 4.245333,
"avg_loss": -3.052708,
"max_drawdown": 99.106647,
"max_consecutive_losses": 24,
"avg_trade_duration": 402839.830337
}