{
"total_trades": 4,
"win_rate": 25.000000,
"net_pnl": -3.667807,
"gross_pnl": 3.513325,
"total_fee": 7.181131,
"total_slippage": 0.000000,
"profit_factor": 0.866527,
"expectancy": -0.916952,
"avg_win": 23.811916,
"avg_loss": -9.159908,
"max_drawdown": 0.377397,
"max_consecutive_losses": 2,
"avg_trade_duration": 840000.000000
}