{
"total_trades": 13,
"win_rate": 23.076923,
"net_pnl": -133.068025,
"gross_pnl": -8.187910,
"total_fee": 57.324336,
"total_slippage": 67.555780,
"profit_factor": 0.414377,
"expectancy": -10.236002,
"avg_win": 31.385529,
"avg_loss": -22.722461,
"max_drawdown": 2.918549,
"max_consecutive_losses": 4,
"avg_trade_duration": 143076.923077
}