{
"total_trades": 35,
"win_rate": 25.714286,
"net_pnl": -297.349292,
"gross_pnl": -67.880376,
"total_fee": 106.210038,
"total_slippage": 123.258878,
"profit_factor": 0.175799,
"expectancy": -8.495694,
"avg_win": 7.047072,
"avg_loss": -13.875882,
"max_drawdown": 6.255826,
"max_consecutive_losses": 7,
"avg_trade_duration": 258857.142857
}