key,trades,wins,losses,win_rate,net_pnl,gross_pnl,total_fee,total_slippage,avg_net_pnl,avg_expected_edge_bps,avg_actual_edge_bps,avg_bars_held
bearish,2,2,0,100.000000,22.437727,26.720064,2.448576,1.833761,11.218863,128.464284,125.352324,9.000000
bullish,9,6,3,66.666667,38.970961,65.630321,13.612890,13.046470,4.330107,93.102603,31.893770,8.333333
neutral,12,2,10,16.666667,-108.910399,-59.519217,21.322160,28.069021,-9.075867,67.682647,-36.472673,5.000000
