key,trades,wins,losses,win_rate,net_pnl,gross_pnl,total_fee,total_slippage,avg_net_pnl,avg_expected_edge_bps,avg_actual_edge_bps,avg_bars_held
stop_loss,13,0,13,0.000000,-160.371601,-103.757565,23.822200,32.791836,-12.336277,73.155644,-58.174266,4.307692
take_profit,9,9,0,100.000000,112.705558,132.616430,11.385216,8.525656,12.522840,98.169662,95.081935,8.111111
time_exit,1,1,0,100.000000,0.164332,3.972303,2.176210,1.631761,0.164332,72.493421,0.604547,24.000000
