{
"total_trades": 23,
"win_rate": 47.826087,
"net_pnl": 17.404392,
"gross_pnl": 64.372698,
"total_fee": 46.968305,
"total_slippage": 0.000000,
"profit_factor": 1.146812,
"expectancy": 0.756713,
"avg_win": 12.359353,
"avg_loss": -9.879041,
"max_drawdown": 1.551330,
"max_consecutive_losses": 5,
"avg_trade_duration": 5047826.086957
}