bucket,trades,wins,losses,win_rate,avg_expected_edge_bps,avg_actual_edge_bps,avg_edge_realization_bps,avg_total_cost_bps,avg_net_pnl_bps,net_pnl
edge_lt_0,0,0,0,0.000000,0.000000,0.000000,0.000000,0.000000,0.000000,0.000000
edge_0_5,0,0,0,0.000000,0.000000,0.000000,0.000000,0.000000,0.000000,0.000000
edge_5_10,0,0,0,0.000000,0.000000,0.000000,0.000000,0.000000,0.000000,0.000000
edge_10_15,0,0,0,0.000000,0.000000,0.000000,0.000000,0.000000,0.000000,0.000000
edge_15_20,0,0,0,0.000000,0.000000,0.000000,0.000000,0.000000,0.000000,0.000000
edge_20_30,0,0,0,0.000000,0.000000,0.000000,0.000000,0.000000,0.000000,0.000000
edge_30_50,4,1,3,25.000000,39.947795,-26.078223,-66.026018,17.745000,-26.078223,-33.547925
edge_gte_50,19,9,10,47.368421,91.960662,10.757336,-81.203326,16.648023,10.757336,-13.953786
