{
"total_trades": 27334,
"win_rate": 40.177069,
"net_pnl": -5000.000000,
"gross_pnl": 112.944068,
"total_fee": 5112.944068,
"total_slippage": 0.000000,
"profit_factor": 0.192582,
"expectancy": -0.182922,
"avg_win": 0.108594,
"avg_loss": -0.378704,
"max_drawdown": 100.000000,
"max_consecutive_losses": 18,
"avg_trade_duration": 215790.590473
}