key,trades,wins,losses,win_rate,net_pnl,gross_pnl,total_fee,total_slippage,avg_net_pnl,avg_expected_edge_bps,avg_actual_edge_bps,avg_bars_held
bearish,1,1,0,100.000000,14.475702,15.135115,0.659413,0.000000,14.475702,222.188877,222.072782,10.000000
bullish,8,5,3,62.500000,40.970846,56.302718,15.331873,0.000000,5.121356,99.208034,35.855729,9.125000
neutral,7,1,6,14.285714,-49.449390,-30.902342,18.547047,0.000000,-7.064199,76.453121,-29.760402,5.428571
