key,trades,wins,losses,win_rate,net_pnl,gross_pnl,total_fee,total_slippage,avg_net_pnl,avg_expected_edge_bps,avg_actual_edge_bps,avg_bars_held
passed:expected_edge_ok,16,6,10,37.500000,-48.770843,11.430876,27.512217,32.689502,-3.048178,93.917679,3.422910,7.625000
passed:extension_ok,16,6,10,37.500000,-48.770843,11.430876,27.512217,32.689502,-3.048178,93.917679,3.422910,7.625000
passed:rejection_ok,16,6,10,37.500000,-48.770843,11.430876,27.512217,32.689502,-3.048178,93.917679,3.422910,7.625000
passed:reversal_confirmation_ok,16,6,10,37.500000,-48.770843,11.430876,27.512217,32.689502,-3.048178,93.917679,3.422910,7.625000
passed:trend_block_ok,16,6,10,37.500000,-48.770843,11.430876,27.512217,32.689502,-3.048178,93.917679,3.422910,7.625000
