key,trades,wins,losses,win_rate,net_pnl,gross_pnl,total_fee,total_slippage,avg_net_pnl,avg_expected_edge_bps,avg_actual_edge_bps,avg_bars_held
stop_loss,9,0,9,0.000000,-89.697571,-67.734269,21.963303,0.000000,-9.966397,85.259660,-46.200922,4.666667
take_profit,6,6,0,100.000000,93.368155,103.238696,9.870541,0.000000,15.561359,118.029589,117.965575,9.166667
time_exit,1,1,0,100.000000,2.326575,5.031064,2.704489,0.000000,2.326575,75.510520,8.610652,24.000000
