{
"total_trades": 16,
"win_rate": 43.750000,
"net_pnl": 5.997158,
"gross_pnl": 40.535491,
"total_fee": 34.538332,
"total_slippage": 0.000000,
"profit_factor": 1.066860,
"expectancy": 0.374822,
"avg_win": 13.670676,
"avg_loss": -9.966397,
"max_drawdown": 0.996163,
"max_consecutive_losses": 4,
"avg_trade_duration": 5906250.000000
}