month,trades,wins,losses,win_rate,gross_pnl,fee,slippage,total_cost,net_pnl,profit_factor,avg_win,avg_loss,expectancy,max_consecutive_losses,avg_reward_risk,avg_expected_edge_bps,avg_actual_edge_bps,avg_edge_realization_bps,avg_total_cost_bps,take_profit_count,stop_loss_count,time_exit_count,end_of_backtest_count
2020-04,1,0,1,0.000000,-7.743891,0.978468,1.348103,2.326571,-10.070462,0.000000,0.000000,-10.070462,-10.070462,1,3.191296,182.073942,-82.076769,-264.150711,18.962129,0,1,0,0
2022-05,1,1,0,100.000000,14.997643,0.527439,0.394080,0.921518,14.076124,inf,14.076124,0.000000,14.076124,0,2.021542,219.142448,215.957953,-3.184495,14.138067,1,0,0,0
2022-06,1,0,1,0.000000,-7.792703,1.149664,1.583515,2.733179,-10.525881,0.000000,0.000000,-10.525881,-10.525881,1,1.855035,83.628303,-73.046879,-156.675183,18.967550,0,1,0,0
2023-03,5,4,1,80.000000,53.937825,8.173927,7.276893,15.450820,38.487005,7.762514,12.708803,-12.348207,7.697401,1,2.776161,100.766499,57.233770,-43.532729,15.043369,3,1,1,0
2023-04,5,0,5,0.000000,-39.987315,9.727131,13.388799,23.115930,-63.103245,0.000000,0.000000,-12.620649,-12.620649,5,2.532840,70.377877,-55.048254,-125.426132,18.978357,0,5,0,0
2023-05,2,0,2,0.000000,-16.275356,5.563443,7.655430,13.218874,-29.494229,0.000000,0.000000,-14.747115,-14.747115,2,2.747293,45.307984,-42.714619,-88.022603,18.985762,0,2,0,0
2023-10,1,1,0,100.000000,14.294673,1.392147,1.042681,2.434828,11.859845,inf,11.859845,0.000000,11.859845,0,1.976529,71.500316,68.433922,-3.066394,14.049494,1,0,0,0
