{
"total_trades": 6,
"win_rate": 33.333333,
"net_pnl": -45.880603,
"gross_pnl": 21.450368,
"total_fee": 31.124390,
"total_slippage": 36.206581,
"profit_factor": 0.557687,
"expectancy": -7.646767,
"avg_win": 28.924142,
"avg_loss": -25.932221,
"max_drawdown": 1.561898,
"max_consecutive_losses": 3,
"avg_trade_duration": 390000.000000
}