bucket,trades,wins,losses,win_rate,avg_expected_edge_bps,avg_actual_edge_bps,avg_edge_realization_bps,avg_total_cost_bps,avg_net_pnl_bps,net_pnl
edge_lt_0,0,0,0,0.000000,0.000000,0.000000,0.000000,0.000000,0.000000,0.000000
edge_0_5,0,0,0,0.000000,0.000000,0.000000,0.000000,0.000000,0.000000,0.000000
edge_5_10,0,0,0,0.000000,0.000000,0.000000,0.000000,0.000000,0.000000,0.000000
edge_10_15,0,0,0,0.000000,0.000000,0.000000,0.000000,0.000000,0.000000,0.000000
edge_15_20,0,0,0,0.000000,0.000000,0.000000,0.000000,0.000000,0.000000,0.000000
edge_20_30,322,121,201,37.577640,27.405225,-9.251001,-36.656225,9.999543,-9.251001,-433.543061
edge_30_50,1234,429,805,34.764992,39.665298,-11.482280,-51.147578,9.999739,-11.482280,-1915.116699
edge_gte_50,2444,943,1501,38.584288,96.614507,-10.281328,-106.895835,9.999940,-10.281328,-1730.239880
