{
"total_trades": 94,
"win_rate": 34.042553,
"net_pnl": -39.911290,
"gross_pnl": 59.582607,
"total_fee": 99.493897,
"total_slippage": 0.000000,
"profit_factor": 0.923352,
"expectancy": -0.424588,
"avg_win": 15.024893,
"avg_loss": -8.398514,
"max_drawdown": 2.551695,
"max_consecutive_losses": 8,
"avg_trade_duration": 1630851.063830
}