{
"total_trades": 58,
"win_rate": 31.034483,
"net_pnl": -131.358552,
"gross_pnl": -56.365674,
"total_fee": 74.992878,
"total_slippage": 0.000000,
"profit_factor": 0.624382,
"expectancy": -2.264803,
"avg_win": 12.130810,
"avg_loss": -8.742828,
"max_drawdown": 3.194157,
"max_consecutive_losses": 10,
"avg_trade_duration": 1081034.482759
}