bucket,trades,wins,losses,win_rate,avg_expected_edge_bps,avg_actual_edge_bps,avg_edge_realization_bps,avg_total_cost_bps,avg_net_pnl_bps,net_pnl
edge_lt_0,0,0,0,0.000000,0.000000,0.000000,0.000000,0.000000,0.000000,0.000000
edge_0_5,0,0,0,0.000000,0.000000,0.000000,0.000000,0.000000,0.000000,0.000000
edge_5_10,0,0,0,0.000000,0.000000,0.000000,0.000000,0.000000,0.000000,0.000000
edge_10_15,0,0,0,0.000000,0.000000,0.000000,0.000000,0.000000,0.000000,0.000000
edge_15_20,0,0,0,0.000000,0.000000,0.000000,0.000000,0.000000,0.000000,0.000000
edge_20_30,2,2,0,100.000000,28.531239,25.563268,-2.967972,13.976278,25.563268,49.260304
edge_30_50,5,3,2,60.000000,43.910550,8.272896,-35.637654,15.985446,8.272896,31.029705
edge_gte_50,6,1,5,16.666667,95.434901,-32.684277,-128.119178,18.175372,-32.684277,-69.879915
