{
"total_trades": 2348,
"win_rate": 26.831346,
"net_pnl": -3955.891238,
"gross_pnl": 384.041716,
"total_fee": 4339.932954,
"total_slippage": 0.000000,
"profit_factor": 0.597433,
"expectancy": -1.684792,
"avg_win": 9.318707,
"avg_loss": -5.719835,
"max_drawdown": 79.129816,
"max_consecutive_losses": 23,
"avg_trade_duration": 1913841.567291
}