bucket,trades,wins,losses,win_rate,avg_expected_edge_bps,avg_actual_edge_bps,avg_edge_realization_bps,avg_total_cost_bps,avg_net_pnl_bps,net_pnl
edge_lt_0,0,0,0,0.000000,0.000000,0.000000,0.000000,0.000000,0.000000,0.000000
edge_0_5,0,0,0,0.000000,0.000000,0.000000,0.000000,0.000000,0.000000,0.000000
edge_5_10,0,0,0,0.000000,0.000000,0.000000,0.000000,0.000000,0.000000,0.000000
edge_10_15,0,0,0,0.000000,0.000000,0.000000,0.000000,0.000000,0.000000,0.000000
edge_15_20,129,33,96,25.581395,17.742216,-9.822938,-27.565154,10.000127,-9.822938,-401.652709
edge_20_30,291,74,217,25.429553,25.267287,-9.614047,-34.881334,10.000426,-9.614047,-803.642647
edge_30_50,636,177,459,27.830189,39.970230,-8.328951,-48.299181,10.000535,-8.328951,-1292.843267
edge_gte_50,1292,346,946,26.780186,97.073466,-7.863262,-104.936728,9.999013,-7.863262,-1457.752616
