{
"total_trades": 1394,
"win_rate": 48.063128,
"net_pnl": -1985.271448,
"gross_pnl": 493.485976,
"total_fee": 2478.757424,
"total_slippage": 0.000000,
"profit_factor": 0.650002,
"expectancy": -1.424155,
"avg_win": 5.502937,
"avg_loss": -7.834585,
"max_drawdown": 40.785343,
"max_consecutive_losses": 13,
"avg_trade_duration": 2538593.974175
}