{
"total_trades": 7,
"win_rate": 28.571429,
"net_pnl": -103.118345,
"gross_pnl": 5.098959,
"total_fee": 48.553553,
"total_slippage": 59.663751,
"profit_factor": 0.354962,
"expectancy": -14.731192,
"avg_win": 28.372820,
"avg_loss": -31.972797,
"max_drawdown": 2.062367,
"max_consecutive_losses": 3,
"avg_trade_duration": 214285.714286
}