{
"total_trades": 543,
"win_rate": 37.937385,
"net_pnl": -995.440453,
"gross_pnl": -189.919027,
"total_fee": 805.521425,
"total_slippage": 0.000000,
"profit_factor": 0.641716,
"expectancy": -1.833224,
"avg_win": 8.654933,
"avg_loss": -8.244382,
"max_drawdown": 20.337753,
"max_consecutive_losses": 10,
"avg_trade_duration": 1235911.602210
}