{
"total_trades": 213,
"win_rate": 35.680751,
"net_pnl": -515.341906,
"gross_pnl": -168.245566,
"total_fee": 347.096340,
"total_slippage": 0.000000,
"profit_factor": 0.568199,
"expectancy": -2.419446,
"avg_win": 8.922740,
"avg_loss": -8.711461,
"max_drawdown": 10.479635,
"max_consecutive_losses": 15,
"avg_trade_duration": 928169.014085
}