{
"total_trades": 40,
"win_rate": 15.000000,
"net_pnl": -327.463763,
"gross_pnl": -107.336600,
"total_fee": 96.963670,
"total_slippage": 123.163492,
"profit_factor": 0.129764,
"expectancy": -8.186594,
"avg_win": 8.138214,
"avg_loss": -11.067443,
"max_drawdown": 6.549275,
"max_consecutive_losses": 12,
"avg_trade_duration": 174000.000000
}