{
"total_trades": 888,
"win_rate": 19.594595,
"net_pnl": -4872.342635,
"gross_pnl": -973.901861,
"total_fee": 1730.212195,
"total_slippage": 2168.228580,
"profit_factor": 0.195943,
"expectancy": -5.486872,
"avg_win": 6.823869,
"avg_loss": -8.486969,
"max_drawdown": 97.483791,
"max_consecutive_losses": 28,
"avg_trade_duration": 415000.000000
}