{
"total_trades": 174,
"win_rate": 39.655172,
"net_pnl": -55.909080,
"gross_pnl": 158.529671,
"total_fee": 214.438751,
"total_slippage": 0.000000,
"profit_factor": 0.937154,
"expectancy": -0.321317,
"avg_win": 12.082821,
"avg_loss": -8.472607,
"max_drawdown": 3.834873,
"max_consecutive_losses": 8,
"avg_trade_duration": 4484482.758621
}