{
"total_trades": 33,
"win_rate": 36.363636,
"net_pnl": -111.223011,
"gross_pnl": -6.413094,
"total_fee": 48.535080,
"total_slippage": 56.274837,
"profit_factor": 0.535677,
"expectancy": -3.370394,
"avg_win": 10.692900,
"avg_loss": -11.406563,
"max_drawdown": 2.458665,
"max_consecutive_losses": 6,
"avg_trade_duration": 4172727.272727
}