{
"total_trades": 277,
"win_rate": 42.960289,
"net_pnl": -302.016037,
"gross_pnl": 139.892994,
"total_fee": 441.909030,
"total_slippage": 0.000000,
"profit_factor": 0.783783,
"expectancy": -1.090311,
"avg_win": 9.200009,
"avg_loss": -8.840615,
"max_drawdown": 7.007826,
"max_consecutive_losses": 10,
"avg_trade_duration": 308014.440433
}