{
"total_trades": 19,
"win_rate": 42.105263,
"net_pnl": -35.566033,
"gross_pnl": 157.339538,
"total_fee": 93.443878,
"total_slippage": 99.461693,
"profit_factor": 0.863601,
"expectancy": -1.871896,
"avg_win": 28.148099,
"avg_loss": -23.704621,
"max_drawdown": 1.738154,
"max_consecutive_losses": 3,
"avg_trade_duration": 262105.263158
}