bucket,trades,wins,losses,win_rate,avg_expected_edge_bps,avg_actual_edge_bps,avg_edge_realization_bps,avg_total_cost_bps,avg_net_pnl_bps,net_pnl
edge_lt_0,0,0,0,0.000000,0.000000,0.000000,0.000000,0.000000,0.000000,0.000000
edge_0_5,0,0,0,0.000000,0.000000,0.000000,0.000000,0.000000,0.000000,0.000000
edge_5_10,0,0,0,0.000000,0.000000,0.000000,0.000000,0.000000,0.000000,0.000000
edge_10_15,0,0,0,0.000000,0.000000,0.000000,0.000000,0.000000,0.000000,0.000000
edge_15_20,0,0,0,0.000000,0.000000,0.000000,0.000000,0.000000,0.000000,0.000000
edge_20_30,2,2,0,100.000000,28.531239,25.563268,-2.967972,13.976278,25.563268,48.902934
edge_30_50,8,4,4,50.000000,42.215107,0.658356,-41.556751,16.492097,0.658356,0.950750
edge_gte_50,9,2,7,22.222222,85.464736,-26.607571,-112.072307,17.895268,-26.607571,-85.419717
