{
"total_trades": 87,
"win_rate": 24.137931,
"net_pnl": -557.021859,
"gross_pnl": -78.546587,
"total_fee": 478.475272,
"total_slippage": 0.000000,
"profit_factor": 0.326684,
"expectancy": -6.402550,
"avg_win": 12.869531,
"avg_loss": -12.534576,
"max_drawdown": 11.227448,
"max_consecutive_losses": 15,
"avg_trade_duration": 404827.586207
}